"https://www.aliexpress.com/item/32861416995.html?spm=a2g0o.detail.1000060.2.382a5019gQMeMA&gps-id=pcDetailBottomMoreThisSeller&scm=1007.13339.146401.0&scm_id=1007.13339.146401.0&scm-url=1007.13339.146401.0&pvid=dec76b92-f965-4efd-9d31-cde292485ff7&_t=gps-id:pcDetailBottomMoreThisSeller,scm-url:1007.13339.146401.0,pvid:dec76b92-f965-4efd-9d31-cde292485ff7,tpp_buckets:668%230%23131923%230_668%23808%234093%23815_668%23888%233325%238_668%232846%238114%23720_668%232717%237562%23403_668%231000022185%231000066055%230_668%233468%2315612%23360",Lucky cat Chopsticks Holder Japanese ceramic chopsticks care Ceramic Lucky Cat Home Hotel Ceramics Cute,HOMMMME Store,,NA,US $0.39,5555,N/A,"Shipping: US $1.68 
to Australia via Cainiao Super Economy Global
Estimated Delivery: 30-50 days"
"https://www.aliexpress.com/item/32861416995.html?spm=a2g0o.detail.1000060.2.382a5019gQMeMA&gps-id=pcDetailBottomMoreThisSeller&scm=1007.13339.146401.0&scm_id=1007.13339.146401.0&scm-url=1007.13339.146401.0&pvid=dec76b92-f965-4efd-9d31-cde292485ff7&_t=gps-id:pcDetailBottomMoreThisSeller,scm-url:1007.13339.146401.0,pvid:dec76b92-f965-4efd-9d31-cde292485ff7,tpp_buckets:668%230%23131923%230_668%23808%234093%23815_668%23888%233325%238_668%232846%238114%23720_668%232717%237562%23403_668%231000022185%231000066055%230_668%233468%2315612%23360",Lucky cat Chopsticks Holder Japanese ceramic chopsticks care Ceramic Lucky Cat Home Hotel Ceramics Cute,HOMMMME Store,,NA,US $0.39,5555,N/A,"Shipping: US $1.68 
to Australia via Cainiao Super Economy Global
Estimated Delivery: 30-50 days"
"https://www.aliexpress.com/item/32861416995.html?spm=a2g0o.detail.1000060.2.382a5019gQMeMA&gps-id=pcDetailBottomMoreThisSeller&scm=1007.13339.146401.0&scm_id=1007.13339.146401.0&scm-url=1007.13339.146401.0&pvid=dec76b92-f965-4efd-9d31-cde292485ff7&_t=gps-id:pcDetailBottomMoreThisSeller,scm-url:1007.13339.146401.0,pvid:dec76b92-f965-4efd-9d31-cde292485ff7,tpp_buckets:668%230%23131923%230_668%23808%234093%23815_668%23888%233325%238_668%232846%238114%23720_668%232717%237562%23403_668%231000022185%231000066055%230_668%233468%2315612%23360",Lucky cat Chopsticks Holder Japanese ceramic chopsticks care Ceramic Lucky Cat Home Hotel Ceramics Cute,HOMMMME Store,,NA,US $0.39,5555,N/A,"Shipping: US $1.68 
to Australia via Cainiao Super Economy Global
Estimated Delivery: 30-50 days"
"https://www.aliexpress.com/item/32861416995.html?spm=a2g0o.detail.1000060.2.382a5019gQMeMA&gps-id=pcDetailBottomMoreThisSeller&scm=1007.13339.146401.0&scm_id=1007.13339.146401.0&scm-url=1007.13339.146401.0&pvid=dec76b92-f965-4efd-9d31-cde292485ff7&_t=gps-id:pcDetailBottomMoreThisSeller,scm-url:1007.13339.146401.0,pvid:dec76b92-f965-4efd-9d31-cde292485ff7,tpp_buckets:668%230%23131923%230_668%23808%234093%23815_668%23888%233325%238_668%232846%238114%23720_668%232717%237562%23403_668%231000022185%231000066055%230_668%233468%2315612%23360",Lucky cat Chopsticks Holder Japanese ceramic chopsticks care Ceramic Lucky Cat Home Hotel Ceramics Cute,HOMMMME Store,,NA,US $0.40,5555,N/A,"Shipping: US $1.68 
to Australia via Cainiao Super Economy Global
Estimated Delivery: 30-50 days"
"https://www.aliexpress.com/item/32861416995.html?spm=a2g0o.detail.1000060.2.382a5019gQMeMA&gps-id=pcDetailBottomMoreThisSeller&scm=1007.13339.146401.0&scm_id=1007.13339.146401.0&scm-url=1007.13339.146401.0&pvid=dec76b92-f965-4efd-9d31-cde292485ff7&_t=gps-id:pcDetailBottomMoreThisSeller,scm-url:1007.13339.146401.0,pvid:dec76b92-f965-4efd-9d31-cde292485ff7,tpp_buckets:668%230%23131923%230_668%23808%234093%23815_668%23888%233325%238_668%232846%238114%23720_668%232717%237562%23403_668%231000022185%231000066055%230_668%233468%2315612%23360",Lucky cat Chopsticks Holder Japanese ceramic chopsticks care Ceramic Lucky Cat Home Hotel Ceramics Cute,HOMMMME Store,,NA,US $0.39,5555,N/A,"Shipping: US $1.68 
to Australia via Cainiao Super Economy Global
Estimated Delivery: 30-50 days"
